﻿<?xml version="1.0" encoding="utf-8"?>
<HelpKI>
  <HelpKINode Title="Grid class">
    <HelpKINode Title="Grid Class" Url="html/9363249e-9f89-d93a-282d-adb5073e95f7.htm" />
    <HelpKINode Title="constructor" Url="html/3ba51f46-92a5-7495-f7bb-11688c961e60.htm" />
    <HelpKINode Title="methods" Url="html/4b843967-eaeb-5b21-4552-131cd1da4563.htm" />
    <HelpKINode Title="properties" Url="html/0cf8b3af-745d-b453-bc22-52eaaaf72fe2.htm" />
  </HelpKINode>
  <HelpKINode Title="Grid.Grid constructor" Url="html/3ba51f46-92a5-7495-f7bb-11688c961e60.htm" />
  <HelpKINode Title="Grid.Item property" Url="html/a291116a-90f4-6ac7-a1f5-1a8a4fb46ff0.htm" />
  <HelpKINode Title="Item property" Url="html/a291116a-90f4-6ac7-a1f5-1a8a4fb46ff0.htm" />
  <HelpKINode Title="Zadanie_1._1._2 namespace" Url="html/5fd2417d-d6f1-1d89-8043-e7084bffea48.htm" />
  <HelpKINode Title="Zadanie_1._1._2.Grid class" Url="html/9363249e-9f89-d93a-282d-adb5073e95f7.htm" />
</HelpKI>
